year,state,republican,democrat,libertarian,margin,score,cs,ws,fs,rs
2000,alabama,0.564837554,0.415665029,NA,-0.149172525,0.6995192307692307,0.6995192307692307,NA,NA,NA
2000,alaska,0.586209553,0.276663398,NA,-0.309546155,NA,NA,NA,NA,NA
2000,arizona,0.510211382,0.44734585,NA,-0.06286553200000006,0.4791666666666667,0.4791666666666667,NA,NA,NA
2000,arkansas,0.513071977,0.458642563,NA,-0.054429413999999954,0.7672413793103449,0.7672413793103449,NA,NA,NA
2000,california,0.416514968,0.534497368,NA,0.11798240000000004,0.554769392033543,0.554769392033543,NA,NA,NA
2000,colorado,0.507502148,0.42393509,NA,-0.08356705800000003,0.57421875,0.57421875,NA,NA,NA
2000,connecticut,0.384436032,0.559096281,NA,0.174660249,0.525,0.525,NA,NA,NA
2000,delaware,0.419162883,0.549777272,NA,0.13061438900000005,0.75,0.75,NA,NA,NA
2000,district of columbia,0.089517271,0.851550814,NA,0.762033543,NA,NA,NA,NA,NA
2000,florida,0.488468266,0.488378212,NA,-9.005400000000607e-5,0.5758547008547008,0.5758547008547008,NA,NA,NA
2000,georgia,0.549595697,0.432109997,0.014064682,-0.11748569999999997,0.6551724137931034,0.6551724137931034,NA,NA,NA
2000,hawaii,0.374628687,0.557916679,NA,0.18328799199999996,NA,NA,NA,NA,NA
2000,idaho,0.671704395,0.276381288,NA,-0.395323107,0.525,0.525,NA,NA,NA
2000,illinois,0.4258488,0.545965212,NA,0.120116412,0.5600961538461539,0.5600961538461539,NA,NA,NA
2000,indiana,0.566468816,0.410121029,NA,-0.15634778699999996,0.7016129032258065,0.7016129032258065,NA,NA,NA
2000,iowa,0.468856382,0.471919156,NA,0.0030627739999999903,0.5520833333333334,0.5520833333333334,NA,NA,NA
2000,kansas,0.580416632,0.372383923,NA,-0.20803270900000004,0.6145833333333334,0.6145833333333334,NA,NA,NA
2000,kentucky,0.565064834,0.413781826,NA,-0.15128300799999994,0.7395833333333334,0.7395833333333334,NA,NA,NA
2000,louisiana,0.525510632,0.448753325,NA,-0.07675730700000005,0.8218085106382979,0.8218085106382979,NA,NA,NA
2000,maine,0.43971851,0.490860165,NA,0.05114165500000001,0.59375,0.59375,NA,NA,NA
2000,maryland,0.401847807,0.564883084,NA,0.16303527699999998,0.6125,0.6125,NA,NA,NA
2000,massachusetts,0.32132903,0.59126126,NA,0.26993223,0.5735294117647058,0.5735294117647058,NA,NA,NA
2000,michigan,0.461462147,0.512797989,NA,0.051335841999999965,0.5708333333333333,0.5708333333333333,NA,NA,NA
2000,minnesota,0.455023507,0.479055721,NA,0.024032213999999996,0.6204545454545455,0.6204545454545455,NA,NA,NA
2000,mississippi,0.576195151,0.406981002,NA,-0.16921414899999998,0.5833333333333334,0.5833333333333334,NA,NA,NA
2000,missouri,0.50422816,0.470842733,NA,-0.03338542700000002,0.5,0.5,NA,NA,NA
2000,montana,0.584394602,0.333651268,NA,-0.25074333400000004,0.75,0.75,NA,NA,NA
2000,nebraska,0.62245362,0.33253039,NA,-0.28992323000000003,0.625,0.625,NA,NA,NA
2000,nevada,0.494850892,0.459412628,NA,-0.035438264,0.6875,0.6875,NA,NA,NA
2000,new hampshire,0.480703099,0.468031792,NA,-0.01267130700000002,0.625,0.625,NA,NA,NA
2000,new jersey,0.402912439,0.561256089,NA,0.15834365,0.48761261261261263,0.48761261261261263,NA,NA,NA
2000,new mexico,0.478474119,0.479085541,NA,6.114220000000281e-4,0.7083333333333334,0.7083333333333334,NA,NA,NA
2000,new york,0.324498166,0.566392705,NA,0.24189453900000008,0.5921052631578947,0.5921052631578947,NA,NA,NA
2000,north carolina,0.55957756299999994,0.431456712,NA,-0.12812085099999992,0.6397058823529411,0.6397058823529411,NA,NA,NA
2000,north dakota,0.606585813,0.330553397,NA,-0.276032416,0.6071428571428571,0.6071428571428571,NA,NA,NA
2000,ohio,0.499864738,0.464404281,NA,-0.035460457,0.5912698412698413,0.5912698412698413,NA,NA,NA
2000,oklahoma,0.603078521,0.384269046,NA,-0.21880947500000003,0.4875,0.4875,NA,NA,NA
2000,oregon,0.465189217,0.4695994,NA,0.004410183000000012,0.5285714285714286,0.5285714285714286,NA,NA,NA
2000,pennsylvania,0.464381329,0.506081713,NA,0.041700384000000035,0.5978260869565217,0.5978260869565217,NA,NA,NA
2000,rhode island,0.319117992,0.609877002,NA,0.29075900999999993,0.75,0.75,NA,NA,NA
2000,south carolina,0.568603846,0.409015234,NA,-0.15958861200000002,0.59375,0.59375,NA,NA,NA
2000,south dakota,0.602967727,0.375642254,NA,-0.227325473,0.78125,0.78125,NA,NA,NA
2000,tennessee,0.511491532,0.472848947,NA,-0.03864258499999995,0.6217948717948718,0.6217948717948718,NA,NA,NA
2000,texas,0.592985995,0.379819581,NA,-0.21316641400000003,0.6376146788990825,0.6376146788990825,NA,NA,NA
2000,utah,0.66830143,0.263447222,NA,-0.404854208,0.4785714285714286,0.4785714285714286,NA,NA,NA
2000,vermont,0.406971608,0.506347092,NA,0.09937548400000007,0.5,0.5,NA,NA,NA
2000,virginia,0.524737292,0.444356105,NA,-0.08038118699999997,0.49038461538461536,0.49038461538461536,NA,NA,NA
2000,washington,0.445786479,0.501582153,NA,0.05579567399999996,0.502906976744186,0.502906976744186,NA,NA,NA
2000,west virginia,0.519152199,0.455926644,NA,-0.06322555499999999,0.8125,0.8125,NA,NA,NA
2000,wisconsin,0.476131635,0.478328197,NA,0.002196562000000013,0.546875,0.546875,NA,NA,NA
2000,wyoming,0.692227431,0.28298382,NA,-0.40924361099999995,0.45,0.45,NA,NA,NA
2004,alabama,0.624606898,0.368444023,NA,-0.256162875,0.5720663265306122,0.7366071428571429,0.35267857142857145,NA,NA
2004,alaska,0.610653299,0.355168619,NA,-0.25548467999999996,NA,NA,NA,NA,NA
2004,arizona,0.548694341,0.443968329,NA,-0.10472601200000003,NA,NA,NA,NA,NA
2004,arkansas,0.543059591,0.445476304,NA,-0.09758328700000002,0.6428571428571428,0.8489583333333334,0.3680555555555556,NA,NA
2004,california,0.44357696,0.543055575,NA,0.09947861499999999,0.46728691476590634,0.5294117647058824,0.38445378151260506,NA,NA
2004,colorado,0.517110954,0.470378423,NA,-0.046732530999999966,0.37912087912087916,0.453125,0.28846153846153844,NA,NA
2004,connecticut,0.439472779,0.54313709,NA,0.10366431100000001,0.5158730158730157,0.6111111111111112,0.3888888888888889,NA,NA
2004,delaware,0.457528186,0.533468376,NA,0.07594018999999996,NA,NA,NA,NA,NA
2004,district of columbia,0.093397661,0.89183869,NA,0.798441029,NA,NA,NA,NA,NA
2004,florida,0.520975162,0.4709111,NA,-0.05006406200000002,0.5007936507936508,0.5944444444444444,0.37592592592592594,NA,NA
2004,georgia,0.579747568,0.413749461,NA,-0.16599810700000006,0.5886243386243387,0.8333333333333334,0.25,NA,NA
2004,hawaii,0.452645957,0.540095522,NA,0.087449565,NA,NA,NA,NA,NA
2004,idaho,0.683909448,0.30264917,NA,-0.38126027799999995,NA,NA,NA,NA,NA
2004,illinois,0.444786268,0.548231602,NA,0.103445334,0.45014880952380965,0.6008064516129032,0.2708333333333333,NA,NA
2004,indiana,0.59944765,0.392629747,NA,-0.20681790300000003,0.5278745644599303,0.6432926829268293,0.37398373983739835,NA,NA
2004,iowa,0.499006575,0.492331317,NA,-0.006675258000000017,0.4398496240601504,0.47368421052631576,0.39473684210526316,NA,NA
2004,kansas,0.620039806,0.366230943,NA,-0.253808863,NA,NA,NA,NA,NA
2004,kentucky,0.595495138,0.39687073,NA,-0.19862440799999997,NA,NA,NA,NA,NA
2004,louisiana,0.567220213,0.422158647,NA,-0.14506156600000003,0.5794642857142857,0.74375,0.36041666666666666,NA,NA
2004,maine,0.445764574,0.535728557,NA,0.08996398299999997,NA,NA,NA,NA,NA
2004,maryland,0.429782178,0.559714676,NA,0.129932498,0.44111394557823136,0.5386904761904762,0.30952380952380953,NA,NA
2004,massachusetts,0.365884019,0.616166602,NA,0.25028258299999995,0.40488855116514694,0.4450354609929078,0.3528368794326241,NA,NA
2004,michigan,0.478120586,0.512307067,NA,0.034186480999999935,0.482034632034632,0.5727272727272728,0.3621212121212121,NA,NA
2004,minnesota,0.476135338,0.510896847,NA,0.034761509000000024,0.5252613240418118,0.6128048780487805,0.40853658536585363,NA,NA
2004,mississippi,0.590143741,0.401611126,NA,-0.18853261500000001,NA,NA,NA,NA,NA
2004,missouri,0.532961919,0.461004465,NA,-0.07195745400000003,0.5595238095238094,0.65,0.4388888888888889,NA,NA
2004,montana,0.590681432,0.385650284,NA,-0.205031148,NA,NA,NA,NA,NA
2004,nebraska,0.658986412,0.326821608,NA,-0.332164804,NA,NA,NA,NA,NA
2004,nevada,0.504696915,0.478780405,NA,-0.025916510000000004,NA,NA,NA,NA,NA
2004,new hampshire,0.48834343,0.502016108,NA,0.013672677999999938,0.36688311688311687,0.375,0.3560606060606061,NA,NA
2004,new jersey,0.462388117,0.52923409,NA,0.066845973,0.5307881773399015,0.6206896551724138,0.4109195402298851,NA,NA
2004,new mexico,0.498384248,0.490466796,NA,-0.007917451999999991,NA,NA,NA,NA,NA
2004,new york,0.3768653,0.561305813,NA,0.18444051300000003,0.4816602316602317,0.6182432432432432,0.29954954954954954,NA,NA
2004,north carolina,0.560171973,0.435831462,NA,-0.12434051099999999,NA,NA,NA,NA,NA
2004,north dakota,0.62861335,0.354988125,NA,-0.27362522499999997,NA,NA,NA,NA,NA
2004,ohio,0.508140243,0.487066852,NA,-0.021073391000000052,0.48095238095238096,0.5333333333333333,0.4111111111111111,NA,NA
2004,oklahoma,0.655704017,0.34429598300000003,NA,-0.311408034,NA,NA,NA,NA,NA
2004,oregon,0.471929167,0.51348663,NA,0.04155746300000007,0.3214285714285714,0.359375,0.2708333333333333,NA,NA
2004,pennsylvania,0.484236662,0.509238091,NA,0.025001428999999964,0.43112244897959184,0.5,0.3392857142857143,NA,NA
2004,rhode island,0.386714371,0.594234262,NA,0.20751989099999996,NA,NA,NA,NA,NA
2004,south carolina,0.579819497,0.409018359,NA,-0.17080113800000002,NA,NA,NA,NA,NA
2004,south dakota,0.599111317,0.384436459,NA,-0.21467485799999997,NA,NA,NA,NA,NA
2004,tennessee,0.567990895,0.425252911,NA,-0.14273798399999998,0.510204081632653,0.5833333333333334,0.4126984126984127,NA,NA
2004,texas,0.610858228,0.382242605,NA,-0.228615623,0.5289003759398496,0.6299342105263158,0.3861111111111111,NA,NA
2004,utah,0.715359479,0.259956415,NA,-0.45540306399999997,0.43452380952380953,0.4739583333333333,0.3819444444444445,NA,NA
2004,vermont,0.388013154,0.589374626,NA,0.20136147199999999,NA,NA,NA,NA,NA
2004,virginia,0.537319566,0.455259176,NA,-0.08206038999999998,0.4510679271708683,0.5453431372549019,0.3247549019607843,NA,NA
2004,washington,0.45640282,0.528211483,NA,0.071808663,0.40037593984962405,0.4342105263157895,0.35526315789473684,NA,NA
2004,west virginia,0.560707179,0.432051411,NA,-0.128655768,NA,NA,NA,NA,NA
2004,wisconsin,0.493198715,0.496997171,NA,0.0037984560000000056,0.5385952380952381,0.6625,0.36833333333333335,NA,NA
2004,wyoming,0.687395689,0.29023091,NA,-0.397164779,NA,NA,NA,NA,NA
2008,alabama,0.60316913,0.387404343,NA,-0.21576478700000007,0.5136904761904763,0.6333333333333333,0.3541666666666667,NA,NA
2008,alaska,0.594245195,0.378893736,NA,-0.21535145899999997,NA,NA,NA,NA,NA
2008,arizona,0.536352478,0.451152509,NA,-0.08519996899999999,0.47509157509157507,0.5833333333333334,0.32051282051282054,NA,NA
2008,arkansas,0.587159045,0.388646598,NA,-0.19851244700000004,NA,NA,NA,NA,NA
2008,california,0.369548588,0.610126383,NA,0.24057779499999998,0.47247953869047615,0.5670572916666666,0.3440755208333333,NA,NA
2008,colorado,0.447075221,0.536602368,NA,0.08952714700000003,0.5133128520225294,0.6115591397849462,0.3817204301075269,NA,NA
2008,connecticut,0.382214633,0.605888297,NA,0.223673664,0.5800000000000001,0.73,0.3833333333333333,NA,NA
2008,delaware,0.369470335,0.61942669,NA,0.24995635499999996,0.6409774436090225,0.8157894736842105,0.40789473684210525,NA,NA
2008,district of columbia,0.065325575,0.924571098,NA,0.859245523,NA,NA,NA,NA,NA
2008,florida,0.482153192,0.510333053,NA,0.028179860999999973,0.5663102820746133,0.7014331210191083,0.3869426751592357,NA,NA
2008,georgia,0.52204518,0.469901791,NA,-0.052143388999999984,0.5515010351966874,0.7198067632850241,0.32608695652173914,NA,NA
2008,hawaii,0.264362019,0.714529101,NA,0.450167082,NA,NA,NA,NA,NA
2008,idaho,0.615170915,0.360909876,NA,-0.25426103899999997,NA,NA,NA,NA,NA
2008,illinois,0.367809225,0.619181145,NA,0.25137191999999997,0.548076923076923,0.7019230769230769,0.34294871794871795,NA,NA
2008,indiana,0.489139072,0.499459116,0.010634833,0.010320043999999973,0.5357142857142857,0.6887755102040817,0.33163265306122447,NA,NA
2008,iowa,0.443932594,0.539280201,NA,0.09534760699999995,NA,NA,NA,NA,NA
2008,kansas,0.566122543,0.416519672,NA,-0.14960287099999997,0.5345238095238095,0.6516666666666666,0.38,NA,NA
2008,kentucky,0.573990211,0.411681138,NA,-0.16230907300000003,NA,NA,NA,NA,NA
2008,louisiana,0.585627213,0.399329138,NA,-0.186298075,0.6322393822393823,0.8175675675675675,0.38513513513513514,NA,NA
2008,maine,0.403840183,0.577057373,NA,0.17321719000000002,NA,NA,NA,NA,NA
2008,maryland,0.364745196,0.619193448,NA,0.254448252,NA,NA,NA,NA,NA
2008,massachusetts,0.357349593,0.613631991,NA,0.25628239799999997,0.4078947368421053,0.4605263157894737,0.33771929824561403,NA,NA
2008,michigan,0.409597057,0.574332473,NA,0.16473541600000002,0.5594047619047618,0.7325,0.33,NA,NA
2008,minnesota,0.43822931,0.540602927,NA,0.10237361700000003,0.4345238095238095,0.5208333333333334,0.3194444444444444,NA,NA
2008,mississippi,0.56176189,0.430015544,NA,-0.13174634599999996,0.5849206349206348,0.7125,0.4152777777777778,NA,NA
2008,missouri,0.494260744,0.492926479,NA,-0.0013342650000000011,NA,NA,NA,NA,NA
2008,montana,0.495324509,0.472684648,NA,-0.02263986100000004,NA,NA,NA,NA,NA
2008,nebraska,0.565318534,0.415982658,NA,-0.14933587599999998,NA,NA,NA,NA,NA
2008,nevada,0.426541151,0.551466759,NA,0.12492560799999997,0.4642857142857144,0.5324074074074074,0.3734567901234568,NA,NA
2008,new hampshire,0.445214285,0.541268971,NA,0.09605468600000006,NA,NA,NA,NA,NA
2008,new jersey,0.417039339,0.572721372,NA,0.15568203299999994,0.5194805194805195,0.6193181818181818,0.38636363636363635,NA,NA
2008,new mexico,0.417790348,0.569074803,NA,0.15128445500000004,0.5983709273182957,0.7280701754385965,0.4195906432748538,NA,NA
2008,new york,0.313172371,0.601569615,NA,0.28839724399999994,0.515036465036465,0.6261261261261262,0.3656156156156156,NA,NA
2008,north carolina,0.493747986,0.497036664,NA,0.0032886779999999893,0.49199507389162567,0.6314655172413793,0.30603448275862066,NA,NA
2008,north dakota,0.532501003,0.4462054,NA,-0.08629560300000005,0.5130621693121692,0.6342592592592593,0.3541666666666667,NA,NA
2008,ohio,0.469105784,0.515042701,NA,0.04593691700000002,0.5663919413919415,0.7003205128205128,0.38461538461538464,NA,NA
2008,oklahoma,0.656450811,0.343549189,NA,-0.31290162200000005,0.6058802308802308,0.7689393939393939,0.38257575757575757,NA,NA
2008,oregon,0.404009817,0.567488063,NA,0.163478246,0.3985714285714285,0.47,0.30333333333333334,NA,NA
2008,pennsylvania,0.441670525,0.54485528,NA,0.10318475500000007,0.5645161290322579,0.7056451612903226,0.3763440860215054,NA,NA
2008,rhode island,0.350578465,0.628640046,NA,0.278061581,0.5966386554621849,0.7941176470588235,0.3333333333333333,NA,NA
2008,south carolina,0.53873644,0.4489656,NA,-0.08977083999999996,0.620880574452003,0.7870370370370371,0.3915343915343915,NA,NA
2008,south dakota,0.531589764,0.447474311,NA,-0.084115453,NA,NA,NA,NA,NA
2008,tennessee,0.568969543,0.418285381,NA,-0.150684162,0.5393020221787345,0.6678082191780822,0.3664383561643836,NA,NA
2008,texas,0.554523605,0.436831214,NA,-0.11769239099999995,0.5612841173054588,0.6947408536585366,0.3832571138211382,NA,NA
2008,utah,0.625838697,0.344057457,NA,-0.28178124000000004,NA,NA,NA,NA,NA
2008,vermont,0.304492287,0.674556832,NA,0.3700645450000001,NA,NA,NA,NA,NA
2008,virginia,0.463305007,0.526294699,NA,0.06298969200000004,0.6056277056277056,0.7310606060606061,0.43434343434343436,NA,NA
2008,washington,0.404763049,0.576528922,NA,0.17176587300000007,0.4123376623376623,0.5,0.29545454545454547,NA,NA
2008,west virginia,0.557103431,0.425897504,NA,-0.13120592700000006,NA,NA,NA,NA,NA
2008,wisconsin,0.423136625,0.562177865,NA,0.13904124,0.45357142857142857,0.53125,0.35,NA,NA
2008,wyoming,0.647137746,0.325094938,NA,-0.32204280799999996,NA,NA,NA,NA,NA
2012,alabama,0.605458223,0.383590331,NA,-0.22186789199999996,0.5810416666666665,0.84375,0.4496875,NA,NA
2012,alaska,0.548015774,0.408126591,0.024599411,-0.13988918300000003,NA,NA,NA,NA,NA
2012,arizona,0.536545332,0.445897669,0.01396105,-0.09064766299999999,0.5748333333333334,0.75,0.48725,NA,NA
2012,arkansas,0.605669361,0.368789903,0.015218782,-0.23687945800000004,0.5933333333333334,0.5833333333333334,0.5983333333333334,NA,NA
2012,california,0.371203785,0.602389591,0.010984429,0.231185806,0.49615335169880626,0.5946969696969697,0.4475901875901876,NA,NA
2012,colorado,0.461270916,0.514922266,0.013833344,0.05365135000000004,0.47121212121212125,0.53125,0.4419642857142857,NA,NA
2012,connecticut,0.407451142,0.580850133,NA,0.173398991,0.455833333333333,0.25,0.55875,NA,NA
2012,delaware,0.399826041,0.58610742,NA,0.18628137900000002,0.4894444444444447,0.5833333333333334,0.4425,NA,NA
2012,district of columbia,0.072782914,0.909131139,NA,0.836348225,NA,NA,NA,NA,NA
2012,florida,0.491309778,0.500078651,NA,0.008768873000000066,0.5345075757575757,0.7391304347826086,0.4297282608695652,NA,NA
2012,georgia,0.533292422,0.455079597,0.011627982,-0.07821282500000004,0.4885416666666666,0.5,0.4828125,NA,NA
2012,hawaii,0.276821477,0.701479324,NA,0.42465784700000003,NA,NA,NA,NA,NA
2012,idaho,0.645297835,0.326223336,0.014492376,-0.31907449900000007,NA,NA,NA,NA,NA
2012,illinois,0.407327413,0.576021354,0.010726602,0.16869394099999996,0.5394230769230769,0.7211538461538461,0.44619505494505496,NA,NA
2012,indiana,0.541255324,0.439273029,0.019093294,-0.101982295,0.6066666666666665,0.75,0.5349999999999999,NA,NA
2012,iowa,0.461778685,0.519880165,NA,0.05810147999999998,0.612083333333333,0.75,0.543125,NA,NA
2012,kansas,0.597113204,0.379945706,0.017634924,-0.21716749800000001,0.6783333333333335,0.875,0.58,NA,NA
2012,kentucky,0.604931416,0.378013278,NA,-0.226918138,0.42453333333333343,0.4,0.4365833333333333,NA,NA
2012,louisiana,0.577845757,0.405774636,NA,-0.17207112099999994,0.46001212121212115,0.6,0.3889142857142857,NA,NA
2012,maine,0.40327392,0.553710342,0.012903617,0.15043642200000001,NA,NA,NA,NA,NA
2012,maryland,0.358977323,0.619741908,0.011153067,0.26076458499999994,0.655,1,0.4825,NA,NA
2012,massachusetts,0.373191223,0.603383083,NA,0.23019185999999997,0.5613888888888888,0.65,0.51735,NA,NA
2012,michigan,0.44710916,0.542082042,NA,0.09497288199999998,0.3996717171717172,0.3125,0.4395833333333333,NA,NA
2012,minnesota,0.449582011,0.526523032,0.011952076,0.07694102099999994,0.4977083333333335,0.75,0.3715625,NA,NA
2012,mississippi,0.552858467,0.437893595,NA,-0.11496487199999994,0.530833333333333,0.5,0.54625,NA,NA
2012,missouri,0.537637411,0.443834835,0.015649599,-0.09380257599999997,0.5577777777777777,0.7083333333333334,0.4825,NA,NA
2012,montana,0.553515354,0.416981374,0.029263627,-0.13653397999999994,0.3125,0.125,0.40625,NA,NA
2012,nebraska,0.598031922,0.380273144,0.013984509,-0.217758778,0.5620833333333335,0.875,0.405625,NA,NA
2012,nevada,0.456753156,0.523562495,0.010806784,0.06680933899999997,0.538333333333333,0.75,0.4325,NA,NA
2012,new hampshire,0.464037965,0.519796842,0.011550385,0.055758876999999984,NA,NA,NA,NA,NA
2012,new jersey,0.406235648,0.583423549,NA,0.17718790100000004,0.411666666666667,0.25,0.4925,NA,NA
2012,new mexico,0.428433266,0.529927605,0.035454822,0.10149433900000004,0.5240833333333332,0.6,0.480125,NA,NA
2012,new york,0.312415973,0.607609842,NA,0.295193869,0.47333333333333316,0.6527777777777778,0.384547619047619,NA,NA
2012,north carolina,0.503930641,0.483509686,NA,-0.020420954999999963,0.5441666666666667,0.7788461538461539,0.4268269230769231,NA,NA
2012,north dakota,0.583156826,0.386973109,0.016220133,-0.19618371699999998,0.481666666666667,0.75,0.34750000000000003,NA,NA
2012,ohio,0.476884409,0.506667477,NA,0.029783068000000024,0.5787499999999998,0.71875,0.50875,NA,NA
2012,oklahoma,0.667723197,0.332276803,NA,-0.33544639400000004,0.482083333333333,0.625,0.410625,NA,NA
2012,oregon,0.421498712,0.542393267,0.013463032,0.12089455500000001,0.511818181818182,0.5,0.5185714285714286,NA,NA
2012,pennsylvania,0.46680866,0.520768577,NA,0.053959917000000024,0.5591136363636363,0.75,0.46348214285714284,NA,NA
2012,rhode island,0.352436616,0.627009589,NA,0.27457297300000005,0.32,NA,0.32,NA,NA
2012,south carolina,0.545611313,0.440880334,NA,-0.104730979,0.5417916666666668,0.8020833333333334,0.4084375,NA,NA
2012,south dakota,0.578893119,0.398661408,0.015928425,-0.18023171099999996,NA,NA,NA,NA,NA
2012,tennessee,0.594787147,0.39075815,NA,-0.204028997,0.5229166666666665,0.6875,0.44062500000000004,NA,NA
2012,texas,0.571669775,0.413833583,0.011081017,-0.15783619200000004,0.6116462703962704,0.8557692307692307,0.4819299450549451,NA,NA
2012,utah,0.727905331,0.247496658,0.012356503,-0.480408673,0.5829166666666667,0.75,0.499375,NA,NA
2012,vermont,0.309726352,0.665705503,0.011650907,0.355979151,NA,NA,NA,NA,NA
2012,virginia,0.472831029,0.511564568,NA,0.03873353900000004,0.41958333333333353,0.375,0.441875,NA,NA
2012,washington,0.412946214,0.561633983,0.01350241,0.14868776900000003,0.491729797979798,0.5416666666666666,0.4649107142857143,NA,NA
2012,west virginia,0.622958424,0.355393042,NA,-0.267565382,0.3975,0.5,0.34625,NA,NA
2012,wisconsin,0.459383467,0.527761625,NA,0.06837815800000002,0.641666666666667,0.75,0.5875,NA,NA
2012,wyoming,0.681935852,0.276369061,0.021244431,-0.4055667909999999,NA,NA,NA,NA,NA
2016,alabama,0.620830924,0.343579458,0.020941691,-0.27725146599999995,0.6044603174603175,0.6642857142857143,0.5582857142857143,0.5928571428571429,NA
2016,alaska,0.512815121,0.365508713,0.05877128,-0.14730640800000006,0.806,1,0.712,0.5,NA
2016,arizona,0.486716165,0.451260218,0.041321485,-0.03545594699999999,0.5011369863013698,0.5565068493150684,0.46734246575342464,0.4486301369863014,NA
2016,arkansas,0.605741022,0.336531241,0.02638252,-0.26920978100000004,0.5398572562358277,0.5642857142857143,0.5237666666666667,0.5073529411764706,NA
2016,california,0.316171065,0.617263996,0.033740916,0.30109293100000006,0.4610460028382214,0.4748896247240618,0.4550998896247241,0.4318936877076412,NA
2016,colorado,0.432513974,0.481569804,0.051837984,0.04905582999999997,0.4691868686868687,0.5132575757575758,0.44266666666666665,0.42803030303030304,NA
2016,connecticut,0.409269144,0.545663011,0.029591713,0.13639386700000006,0.44408664021164024,0.4523809523809524,0.4523531746031746,0.36904761904761907,NA
2016,delaware,0.419228243,0.533533368,0.033417876,0.11430512499999995,0.4567142857142857,0.4642857142857143,0.4491428571428572,0.4642857142857143,NA
2016,district of columbia,0.040703831,0.904838839,0.015695433,0.864135008,NA,NA,NA,NA,NA
2016,florida,0.490219414,0.478233158,0.021978996,-0.011986256000000028,0.500082647462277,0.5563271604938271,0.4636255144032922,0.45987654320987653,NA
2016,georgia,0.507713261,0.456399834,0.030453016,-0.05131342700000002,0.5235032679738563,0.5922619047619048,0.469702380952381,0.5176470588235295,NA
2016,hawaii,0.294397072,0.609807981,0.036452621,0.315410909,0.4979583333333334,0.53125,0.477375,0.4375,NA
2016,idaho,0.592614324,0.274920138,0.041044252,-0.31769418600000005,0.415775,0.36875,0.45863333333333334,0.38125,NA
2016,illinois,0.387617531,0.558253667,0.03785765,0.170636136,0.47783888888888887,0.5033333333333333,0.45508333333333334,0.475,NA
2016,indiana,0.569400334,0.377748397,0.048992708,-0.191651937,0.5430277777777778,0.6024305555555556,0.49994444444444447,0.5208333333333334,NA
2016,iowa,0.511620613,0.417525134,0.03780452,-0.09409547899999993,0.5195324074074075,0.5729166666666666,0.46497916666666667,0.5729166666666666,NA
2016,kansas,0.566545818,0.360523707,0.046779725,-0.206022111,0.5164831649831649,0.5606060606060606,0.49368181818181817,0.45075757575757575,NA
2016,kentucky,0.625196386,0.326821883,0.027935467,-0.29837450300000007,0.5045511111111112,0.5425170068027211,0.47885714285714287,0.51,NA
2016,louisiana,0.580886847,0.384495661,0.0187173,-0.19639118600000005,0.5327407407407407,0.6055555555555555,0.47844444444444445,0.5113636363636364,NA
2016,maine,0.434766781,0.463452141,0.049365714,0.028685359999999993,0.4827,0.475,0.4754,0.55,NA
2016,maryland,0.339093047,0.603257442,0.028620006,0.264164395,0.47022739018087856,0.5145348837209303,0.45099418604651165,0.38953488372093026,NA
2016,massachusetts,0.322862028,0.590500651,0.040847976,0.267638623,0.4203781055900621,0.41620879120879123,0.4257619047619048,0.42391304347826086,NA
2016,michigan,0.474975642,0.47274531,0.035867017,-0.0022303320000000015,0.4968869047619048,0.5580065359477124,0.45397712418300656,0.49264705882352944,NA
2016,minnesota,0.449251931,0.46445034,0.038363451,0.015198409000000024,0.4807777777777778,0.5059523809523809,0.45996825396825397,0.48412698412698413,NA
2016,mississippi,0.579410381,0.401147883,0.011936095,-0.178262498,0.6200412698412698,0.7892857142857143,0.5049,0.5071428571428571,NA
2016,missouri,0.567723478,0.381352308,0.03466454,-0.18637117000000003,0.48967333333333335,0.49,0.49108,0.475,NA
2016,montana,0.564661919,0.359352188,0.056694694,-0.20530973099999994,0.5678641975308643,0.5833333333333334,0.5748333333333333,0.4722222222222222,NA
2016,nebraska,0.587473511,0.336987564,0.046132142,-0.250485947,0.48993333333333333,0.6166666666666667,0.39986666666666665,0.43333333333333335,NA
2016,nevada,0.455006953,0.479178237,0.033218854,0.024171284000000015,0.4618333333333333,0.4444444444444444,0.4653333333333333,0.5138888888888888,NA
2016,new hampshire,0.46458667,0.468262627,0.041350484,0.0036759570000000075,0.35347222222222224,0.2932692307692308,0.3964506172839506,0.37962962962962965,NA
2016,new jersey,0.413503867,0.554530844,0.018708348,0.14102697699999994,0.458164705882353,0.49264705882352944,0.42959411764705885,0.47058823529411764,NA
2016,new mexico,0.400425143,0.482556472,0.093372449,0.08213132900000003,0.4626904761904762,0.4791666666666667,0.4341666666666667,0.5333333333333333,NA
2016,new york,0.323906023,0.561361426,NA,0.23745540300000006,0.44788271604938273,0.4599867724867725,0.427056,0.4861111111111111,NA
2016,north carolina,0.498280947,0.461728662,0.027443687,-0.03655228499999996,0.5228718998015873,0.6136067708333334,0.45295703125000003,0.5,NA
2016,north dakota,0.629556278,0.272267395,0.062243002,-0.357288883,0.5571999999999999,0.6,0.5544,0.4,NA
2016,ohio,0.516876507,0.435580763,NA,-0.081295744,0.527380859375,0.578125,0.49323828125,0.501953125,NA
2016,oklahoma,0.653228648,0.289316803,0.057454549,-0.363911845,0.5416571815718157,0.6310975609756098,0.4787276422764228,0.5,NA
2016,oregon,0.390940352,0.50071852,0.047084048,0.10977816799999995,0.37833333333333335,0.3712121212121212,0.40060606060606063,0.29545454545454547,NA
2016,pennsylvania,0.485778858,0.478536162,0.023991064,-0.007242695999999993,0.49797911445279863,0.5479323308270677,0.4585563909774436,0.4849624060150376,NA
2016,rhode island,0.388980575,0.544066066,0.031770313,0.15508549099999996,0.50216666666666665,0.5833333333333334,0.42933333333333334,0.5416666666666666,NA
2016,south carolina,0.549393327,0.406734198,0.023396751,-0.142659129,0.5442624113475177,0.6648936170212766,0.45359574468085107,0.5053191489361702,NA
2016,south dakota,0.615307504,0.317374282,0.056337191,-0.297933222,0.5737777777777778,0.6944444444444444,0.47225,0.4722222222222222,NA
2016,tennessee,0.607220337,0.347163328,NA,-0.260057009,0.55501246105919,0.6214953271028038,0.5071355140186916,0.5210280373831776,NA
2016,texas,0.522346856,0.43235258,0.031607187,-0.08999427599999998,0.5336218049034951,0.6039701257861635,0.4849048742138365,0.47769953051643194,NA
2016,utah,0.455408166,0.274612686,0.035010523,-0.18079548,0.5051578947368421,0.5138888888888888,0.5334736842105263,0.3684210526315789,NA
2016,vermont,0.297593824,0.557227421,0.031447856,0.259633597,0.29844444444444446,0.25,0.308,0.4444444444444444,NA
2016,virginia,0.44427647,0.497513528,0.029696552,0.053237058000000004,0.4998709150326797,0.5202205882352942,0.48254411764705885,0.5073529411764706,NA
2016,washington,0.368326802,0.525386801,0.048501079,0.157059999,0.44086274509803924,0.4025735294117647,0.4799485294117647,0.39705882352941174,NA
2016,west virginia,0.686305748,0.26476928,0.032261367,-0.421536468,0.6004615384615385,0.6730769230769231,0.5316923076923077,0.6538461538461539,NA
2016,wisconsin,0.472181846,0.464538414,0.035842951,-0.0076434320000000056,0.4771897496087637,0.511150234741784,0.4498098591549296,0.4788732394366197,NA
2016,wyoming,0.673984111,0.216289009,0.051343184,-0.45769510199999996,0.43227777777777776,0.5625,0.352125,0.3125,NA
2020,alabama,0.620316432,0.365699902,0.010836394,-0.25461652999999995,0.5857891608391609,0.6375,0.48075,0.59375,0.65105
2020,alaska,0.528331433,0.427719523,0.024746196,-0.10061190999999997,0.5354807692307694,0.40625,0.5081249999999999,0.515625,0.7575000000000001
2020,arizona,0.49055981,0.493646906,0.0151934,0.0030870960000000114,0.5087834249084249,0.42916666666666664,0.4604107142857143,0.5401785714285714,0.6603809523809524
2020,arkansas,0.623957299,0.34775062,0.010772975,-0.27620667899999995,0.5548210612916495,0.5277777777777778,0.4669607843137255,0.5563725490196079,0.7081045751633986
2020,california,0.343207236,0.634839469,0.010736317,0.29163223299999996,0.4663305006993007,0.3947333333333333,0.437072,0.4582,0.6089138576779026
2020,colorado,0.416041256,0.550110671,0.015994,0.13406941499999997,0.47299225606608153,0.37416107382550334,0.4366946308724832,0.4697986577181208,0.6586148648648649
2020,connecticut,0.391871183,0.592607315,0.011091878,0.20073613199999996,0.44875966052726624,0.3609154929577465,0.4001408450704225,0.477112676056338,0.6169953051643192
2020,delaware,0.397748768,0.587430058,NA,0.18968129000000006,0.5347252747252746,0.4642857142857143,0.45053571428571426,0.5769230769230769,0.703076923076923
2020,district of columbia,0.053973214,0.921496939,NA,0.867523725,NA,NA,NA,NA,NA
2020,florida,0.512198196,0.478614507,NA,-0.03358368900000003,0.5342224842767296,0.5272209119496856,0.4684535066981875,0.5221108490566038,0.6386269841269842
2020,georgia,0.492374739,0.494730558,0.0124459,0.0023558189999999812,0.5565382064624489,0.555414551607445,0.4748821548821549,0.5536616161616161,0.6702777777777778
2020,hawaii,0.339547142,0.631493798,NA,0.291946656,0.5130311995696611,0.5,0.4734294871794872,0.41346153846153844,0.6464102564102564
2020,idaho,0.638375648,0.330664022,0.018898313,-0.307711626,0.4862133699633699,0.38839285714285715,0.45808035714285716,0.5,0.6458333333333334
2020,illinois,0.405534508,0.575416454,0.011028643,0.16988194599999995,0.49263832515580763,0.44473684210526315,0.4416113053613054,0.48295454545454547,0.6323801169590644
2020,indiana,0.570211578,0.409616771,0.019528419,-0.160594807,0.5128059671809672,0.46726190476190477,0.4559275793650794,0.5029761904761905,0.6550199600798403
2020,iowa,0.528001976,0.446472329,0.011550293,-0.08152964699999998,0.5124282920469361,0.47413793103448276,0.44254310344827585,0.5338983050847458,0.6589080459770115
2020,kansas,0.562125128,0.415595535,0.022279336,-0.146529593,0.5399093094405595,0.5113636363636364,0.46699810606060604,0.5397727272727273,0.6752873563218391
2020,kentucky,0.620865719,0.361515148,0.012277421,-0.259350571,0.5478041328041328,0.48761261261261263,0.5006006006006006,0.5529279279279279,0.6870870870870871
2020,louisiana,0.584608824,0.398514568,0.010076525,-0.186094256,0.5477909340659342,0.5421875,0.450125,0.5484375,0.6909401709401709
2020,maine,0.435512281,0.525255793,0.017085494,0.08974351200000003,0.46225656288156286,0.3611111111111111,0.4216964285714286,0.4375,0.6614285714285714
2020,maryland,0.321502916,0.653606649,0.011026562,0.33210373299999996,0.4892587271314544,0.4797979797979798,0.40593939393939393,0.47575757575757577,0.6233130081300813
2020,massachusetts,0.319081576,0.651229837,0.012852087,0.33214826100000006,0.4299292165766154,0.3292389210019268,0.39690269749518303,0.4689306358381503,0.5815697674418605
2020,michigan,0.478372907,0.506208183,0.010900471,0.02783527600000002,0.5138131039966978,0.4876302083333333,0.44587890625,0.521484375,0.6383794466403162
2020,minnesota,0.452849424,0.523950993,0.01067262,0.07110156900000003,0.49000821827744906,0.42094017094017094,0.4247916666666667,0.4983974358974359,0.6651709401709401
2020,mississippi,0.576029546,0.410576065,NA,-0.165453481,0.6099416543052907,0.6931818181818182,0.48819444444444443,0.5435606060606061,0.706
2020,missouri,0.567996558,0.414087817,0.013617157,-0.15390874100000002,0.5340289351851851,0.5034722222222222,0.46748842592592593,0.4965277777777778,0.6900925925925926
2020,montana,0.569184692,0.405493694,0.025265292,-0.16369099799999998,0.5668016194331984,0.5263157894736842,0.4856578947368421,0.5,0.7735087719298246
2020,nebraska,0.582241633,0.391666309,0.021208031,-0.190575324,0.526871237458194,0.5163043478260869,0.4529891304347826,0.5081521739130435,0.6550724637681159
2020,nevada,0.476662473,0.50056782,0.010518893,0.02390534700000002,0.49990769230769233,0.43,0.49045,0.465,0.6259333333333333
2020,new hampshire,0.453562595,0.527078253,0.016416888,0.07351565799999998,0.45865613553113543,0.3902439024390244,0.40654761904761905,0.44345238095238093,0.6251587301587301
2020,new jersey,0.413965239,0.573341968,NA,0.15937672900000005,0.4959105154105154,0.47865853658536583,0.4264191919191919,0.5037878787878788,0.6085276073619632
2020,new mexico,0.434966692,0.542892858,0.013620646,0.10792616599999999,0.4821107463964607,0.4217687074829932,0.41989583333333336,0.4817708333333333,0.6793055555555556
2020,new york,0.374612938,0.603918845,NA,0.22930590700000003,0.47042430128793766,0.4166666666666667,0.4165906788247214,0.48323170731707316,0.6014792299898682
2020,north carolina,0.499343325,0.485862118,NA,-0.013481206999999995,0.5285138438538862,0.4924081920903955,0.4471927966101695,0.5303191489361702,0.6843091168091168
2020,north dakota,0.651140487,0.317567624,0.025960494,-0.33357286300000005,0.5635000000000001,0.53125,0.534125,0.55,0.6546666666666666
2020,ohio,0.532713001,0.452393383,0.011409439,-0.08031961799999998,0.5311835793357933,0.5113776137761378,0.4681334563345633,0.5341328413284133,0.6387608426270136
2020,oklahoma,0.653732718,0.322861743,0.015846105,-0.330870975,0.5654896283491789,0.5653409090909091,0.4718071161048689,0.5589887640449438,0.6989772727272727
2020,oregon,0.40367246,0.564533187,0.017513217,0.16086072699999998,0.43156331212647,0.29609929078014185,0.4336052631578947,0.40657894736842104,0.6205964912280701
2020,pennsylvania,0.48843612,0.500084957,0.011478923,0.011648837000000023,0.5187435510248011,0.49239864864864863,0.4492652027027027,0.5266047297297297,0.640515873015873
2020,rhode island,0.386703805,0.594761988,NA,0.208058183,0.4705610859728508,0.36764705882352944,0.42720588235294116,0.49264705882352944,0.6572549019607843
2020,south carolina,0.550934809,0.434168385,0.011103792,-0.11676642400000004,0.5770788655788656,0.6077981651376146,0.46861620795107034,0.5458715596330275,0.7076758409785933
2020,south dakota,0.617693897,0.356052521,0.026253582,-0.261641376,0.6076734539969834,0.5735294117647058,0.535,0.6029411764705882,0.7515686274509804
2020,tennessee,0.606602942,0.374514343,NA,-0.23208859899999995,0.5457799801549802,0.5346283783783784,0.4638400900900901,0.5574324324324325,0.6612837837837838
2020,texas,0.520576036,0.464790099,0.011157081,-0.05578593700000001,0.542116559663034,0.5247675250357654,0.4807710113960114,0.5376602564102564,0.6495967166309778
2020,utah,0.58129839,0.376460486,0.02583302,-0.20483790400000007,0.48160325710325713,0.3761261261261261,0.46368243243243246,0.46959459459459457,0.6630593607305936
2020,vermont,0.303810571,0.654557806,NA,0.35074723500000005,0.4026800976800976,0.25,0.3465079365079365,0.4226190476190476,0.6711111111111111
2020,virginia,0.439955037,0.541095172,0.014518698,0.10114013500000002,0.5098988880941544,0.4489644970414201,0.4408779761904762,0.5170118343195266,0.6758682634730538
2020,washington,0.387669777,0.579703011,0.019693558,0.192033234,0.4436501550811896,0.3168103448275862,0.4299185823754789,0.4277456647398844,0.6424521072796935
2020,west virginia,0.686315519,0.296965212,0.013448654,-0.389350307,0.5901346153846154,0.59375,0.510625,0.578125,0.6993333333333334
2020,wisconsin,0.488224373,0.494495369,NA,0.006270996000000029,0.5117388980446306,0.46496815286624205,0.4400636942675159,0.5111464968152867,0.6697649572649572
2020,wyoming,0.694997899,0.263878666,0.020710728,-0.431119233,0.44778846153846147,0.28125,0.4403571428571429,0.4107142857142857,0.66625
